Name,Email
Alice Johnson,alice.johnson@example.com
Bob Smith,bob.smith@example.com
Carol Williams,carol.williams@example.com
David Brown,david.brown@example.com
Eva Martinez,eva.martinez@example.com
Frank Garcia,frank.garcia@example.com
Grace Lee,grace.lee@example.com
Henry Wilson,henry.wilson@example.com
Iris Anderson,iris.anderson@example.com
Jack Thomas,jack.thomas@example.com
Karen Jackson,karen.jackson@example.com
Leo White,leo.white@example.com
Mia Harris,mia.harris@example.com
Nathan Clark,nathan.clark@example.com
Olivia Lewis,olivia.lewis@example.com
Patrick Robinson,patrick.robinson@example.com
Quinn Walker,quinn.walker@example.com
Rachel Hall,rachel.hall@example.com
Samuel Allen,samuel.allen@example.com
Tina Young,tina.young@example.com
Ulysses King,ulysses.king@example.com
Victoria Wright,victoria.wright@example.com
Walter Scott,walter.scott@example.com
Xena Torres,xena.torres@example.com
Yusuf Nguyen,yusuf.nguyen@example.com
Zara Phillips,zara.phillips@example.com
Amara Okafor,amara.okafor@techcorp.io
Ben Takahashi,ben.takahashi@devstudio.net
Clara Hoffmann,clara.hoffmann@globalfirm.de
Dimitri Petrov,dimitri.petrov@startup.co
Elena Rossi,elena.rossi@designlab.it
Finn O'Brien,finn.obrien@cloudworks.ie
Gabriela Santos,gabriela.santos@dataflow.br
Hugo Lindqvist,hugo.lindqvist@nordictech.se
Ines Dubois,ines.dubois@agence.fr
Jamal Washington,jamal.washington@finserv.com
Keiko Yamamoto,keiko.yamamoto@sakura.jp
Lars Müller,lars.mueller@consulting.ch
Maya Patel,maya.patel@webcraft.in
Nikolai Volkov,nikolai.volkov@devops.ru
Olga Kowalski,olga.kowalski@softlab.pl
Pablo Fernandez,pablo.fernandez@innova.es
Rita Chang,rita.chang@appforge.tw
Stefan Novak,stefan.novak@systems.cz
Thandi Nkosi,thandi.nkosi@capetown.za
Uma Krishnan,uma.krishnan@analytics.in
Viktor Horvat,viktor.horvat@solutions.hr
Wendy Liu,wendy.liu@nexgen.cn
Xavier Dupont,xavier.dupont@media.fr
Yara El-Amin,yara.el-amin@beirut.lb
